﻿<?xml version="1.0" encoding="utf-8"?>
<EditorStrings>
  <PolyGroups ModuleName="HiTechnic-Servo-Controller-for-TETRIX">
  
	<PolyGroup Name="HiTechnic-Servo-Controller-for-TETRIX" DisplayName="HiTechnic Servo Controller for TETRIX">
      <Description><![CDATA[<p>Context help for PolyGroup <b>Hitechnic-Servo-Controller-for-TETRIX</b></p>]]></Description>
      <Parameter Name="Port" DisplayName="Port">
        <Description><![CDATA[<p>Context help for Parameter <b>Port</b></p>]]></Description>
      </Parameter>
	  <Parameter Name="ControllerNum" DisplayName="Controller Number">
        <Description><![CDATA[<p>Context help for Parameter <b>ControllerNum</b></p>]]></Description>
      </Parameter>
	  <Parameter Name="Servo" DisplayName="Servo">
        <Description><![CDATA[<p>Context help for Parameter <b>Servo</b></p>]]></Description>
      </Parameter>
	  <Parameter Name="Position" DisplayName="Position">
        <Description><![CDATA[<p>Context help for Parameter <b>Position</b></p>]]></Description>
      </Parameter>
      <Parameter Name="PositionOut" DisplayName="Position">
        <Description><![CDATA[<p>Context help for Parameter <b>PositionOut</b></p>]]></Description>
      </Parameter>
      <Parameter Name="StepTime" DisplayName="Update Interval">
        <Description><![CDATA[<p>Context help for Parameter <b>StepTime</b></p>]]></Description>
      </Parameter>
      <Block Mode="Read" DisplayName="Read Servo Position">
        <Description><![CDATA[<p>Context help for Block <b>Read</b></p>]]></Description>
      </Block>
      <Block Mode="Move" DisplayName="Move">
        <Description><![CDATA[<p>Context help for Block <b>Move</b></p>]]></Description>
      </Block>
      <Block Mode="StepTime" DisplayName="Set Update Interval">
        <Description><![CDATA[<p>Context help for Block <b>StepTime</b></p>]]></Description>
      </Block>
    </PolyGroup>

  </PolyGroups>
</EditorStrings>