﻿<?xml version="1.0" encoding="utf-8"?>
<EditorStrings>
	<PolyGroups ModuleName="HiTechnic IRSeekerV2">
		<PolyGroup Name="HTIRSeekerV2Sensor" DisplayName="HiTechnic IRSeekerV2(edited by T²H)">
			<Description><![CDATA[<p>Context help for PolyGroup <b>HTIRSeekerV2Sensor</b></p>]]></Description>
			<Parameter Name="Port" DisplayName="Port"></Parameter>
			<Parameter Name="Direction" DisplayName="Direction"></Parameter>
			<Parameter Name="Strength" DisplayName="Strength"></Parameter>
			<Parameter Name="1-Strength" DisplayName="Channel 1"></Parameter>
			<Parameter Name="2-Strength" DisplayName="Channel 2"></Parameter>
			<Parameter Name="3-Strength" DisplayName="Channel 3"></Parameter>
			<Parameter Name="4-Strength" DisplayName="Channel 4"></Parameter>
			<Parameter Name="5-Strength" DisplayName="Channel 5"></Parameter>
			<Category Name="AC" DisplayName="Alternating">
				<Block Mode="ACdir" DisplayName="Direction"></Block>
				<Block Mode="AC5strength" DisplayName="5 Channel Strength"></Block>
				<Block Mode="ACenhanced" DisplayName="Direction/Strength"></Block>
			</Category>
			<Category Name="DC" DisplayName="Direct">
				<Block Mode="DCdir" DisplayName="Direction"></Block>
				<Block Mode="DC5strength" DisplayName="5 Channel Strength"></Block>
				<Block Mode="DCenhanced" DisplayName="Direction/Strength"></Block>
			</Category>
			<Block Mode="MeasureEnhDir" DisplayName="HiTechnic Enhanced Direction"></Block>
		</PolyGroup>
	</PolyGroups>
</EditorStrings>
