<?xml version="1.0" encoding="utf-8"?>
<Definition Type="Double" TerminalName="Speed">
	<Range Start="-Infinity" StartInclusive="True" End="0" EndInclusive="False">
		<Definition Type="Double">
			<Range Start="-Infinity" StartInclusive="True" End="-94.5" EndInclusive="False" ImageSuffix="_Backward_-4"/>
			<Range Start="-94.5" StartInclusive="True" End="-62.5" EndInclusive="False" ImageSuffix="_Backward_-3"/>
			<Range Start="-62.5" StartInclusive="True" End="-36.5" EndInclusive="False" ImageSuffix="_Backward_-2"/>
			<Range Start="-36.5" StartInclusive="True" End="-5.5" EndInclusive="False" ImageSuffix="_Backward_-1"/>
			<Range Start="-5.5" StartInclusive="True" End="5.5" EndInclusive="False" ImageSuffix="_Backward_0"/>
			<Range Start="5.5" StartInclusive="True" End="36.5" EndInclusive="False" ImageSuffix="_Backward_+1"/>
			<Range Start="36.5" StartInclusive="True" End="62.5" EndInclusive="False" ImageSuffix="_Backward_+2"/>
			<Range Start="62.5" StartInclusive="True" End="94.5" EndInclusive="False" ImageSuffix="_Backward_+3"/>
			<Range Start="94.5" StartInclusive="True" End="Infinity" EndInclusive="True" ImageSuffix="_Backward_+4"/>
		</Definition>
	</Range>
	<Range Start="0" StartInclusive="True" End="Infinity" EndInclusive="True">
		<Definition Type="Double">
			<Range Start="-Infinity" StartInclusive="True" End="-94.5" EndInclusive="False" ImageSuffix="_Forward_-4"/>
			<Range Start="-94.5" StartInclusive="True" End="-62.5" EndInclusive="False" ImageSuffix="_Forward_-3"/>
			<Range Start="-62.5" StartInclusive="True" End="-36.5" EndInclusive="False" ImageSuffix="_Forward_-2"/>
			<Range Start="-36.5" StartInclusive="True" End="-5.5" EndInclusive="False" ImageSuffix="_Forward_-1"/>
			<Range Start="-5.5" StartInclusive="True" End="5.5" EndInclusive="False" ImageSuffix="_Forward_0"/>
			<Range Start="5.5" StartInclusive="True" End="36.5" EndInclusive="False" ImageSuffix="_Forward_+1"/>
			<Range Start="36.5" StartInclusive="True" End="62.5" EndInclusive="False" ImageSuffix="_Forward_+2"/>
			<Range Start="62.5" StartInclusive="True" End="94.5" EndInclusive="False" ImageSuffix="_Forward_+3"/>
			<Range Start="94.5" StartInclusive="True" End="Infinity" EndInclusive="True" ImageSuffix="_Forward_+4"/>
		</Definition>
	</Range>
</Definition>
