﻿<?xml version="1.0" encoding="utf-8"?>
<EditorStrings>
  <PolyGroups ModuleName="ThirdPartySample">
    <PolyGroup Name="ThirdPartySample" DisplayName="German Third party test">
      <Description><![CDATA[<p>German Context help for PolyGroup <b>Third party test</b></p>]]></Description>
      <Parameter Name="a" DisplayName="German A">
        <Description><![CDATA[<p>German Context help for Parameter <b>A</b></p>]]></Description>
      </Parameter>
      <Parameter Name="b" DisplayName="German B">
        <Description><![CDATA[<p>German Context help for Parameter <b>B</b></p>]]></Description>
      </Parameter>
      <Parameter Name="c" DisplayName="German C">
        <Description><![CDATA[<p>German Context help for Parameter <b>C</b></p>]]></Description>
      </Parameter>
      <Block Mode="One" DisplayName="German One">
        <Description><![CDATA[<p>German Context help for Block <b>One</b></p>]]></Description>
      </Block>
    </PolyGroup>
  </PolyGroups>
</EditorStrings>