﻿<?xml version="1.0" encoding="utf-8"?>
<EditorDefinitions>
  <PolyGroups ModuleName="HiTechnic Angle" ModuleVersion="0.2">
    <PolyGroup Name="HTAngle" DisplayNamePrefix="Angle" BlockFamily="Sensor">
      <Parameter Name="Port" CompilerDirectives="OneInputPort" Direction="Input" DefaultValue="1.3" />
      <Parameter Name="Value" Identification="Identification_angle.png" DataType="Int32" Direction="Output" />
      <Parameter Name="Angle" Identification="Identification_angle.png" DataType="Int32" Direction="Output" />
      <Parameter Name="AccAngle" Identification="Identification_accangle.png" DataType="Int32" Direction="Output" />
      <Parameter Name="RPM" Identification="Identification_rpm.png" DataType="Int32" Direction="Output" />
      <Parameter Name="Direction" Direction="Input" DataType="UInt32" DefaultValue="2" Configuration="Identification_WaitForChange.xml" Identification="Identification_WaitForChange.xml" />
      <Parameter Name="Comparison" Direction="Input" Configuration="Identification_ComparisonType.xml" Identification="Identification_ComparisonType.xml" DataType="Int32" DefaultValue="4" />
      <Parameter Name="Threshold Value" Identification="Identification_Threshold_Angle.xml" DataType="Single" Direction="Input" DefaultValue="50" />
      <Parameter Name="Amount" Identification="Identification_Numeric.png" DataType="Single" Direction="Input" DefaultValue="10" />
      <Parameter Name="i" CompilerDirectives="WaitForIteration" DataType="Int32" Direction="Input" DefaultValue="0" />
      <Parameter Name="Result" CompilerDirectives="Result" Identification="Identification_CompareResult.png" DataType="Boolean" Direction="Output" />
      <Hardware>
        <NXTPlotColor>#ffffab34</NXTPlotColor>
        <EV3PlotColor>#ffd46800</EV3PlotColor>
        <EV3AutoID>-1</EV3AutoID> <!--Use autoID -1 if your sensor does not support autoID on the EV3.-->
        <Direction>Input</Direction>
        <DefaultPort>1.2</DefaultPort>
      </Hardware>
      <Block>
        <Mode>MeasureAngle</Mode>
        <Reference Type="VILib" Name="HTAngleSensor.vix" />
        <ParameterReference Name="Port" />
        <ParameterReference Name="Angle" />
        <BlockInterface>Measure</BlockInterface>
        <HardwareModeInfo Name="HTAngle" ID="0" Range="0,360" Unit="" />
        <PaletteInfo Weight="0.5" />
      </Block>
      <Block>
        <Mode>MeasureAllAngleData</Mode>
        <Reference Type="VILib" Name="HTAngleSensorAccum.vix" />
        <ParameterReference Name="Port" />
        <ParameterReference Name="Angle" />
        <ParameterReference Name="AccAngle" />
        <ParameterReference Name="RPM" />
        <BlockInterface>Measure</BlockInterface>
        <HardwareModeInfo Name="HTAngle" ID="0" Range="-360,360" Unit="" />
      </Block>
      <Block>
        <Mode>CompareAngle</Mode>
        <Reference Type="VILib" Name="HTAngleSensorCompare.vix" />
        <ParameterReference Name="Port" />
        <ParameterReference Name="Comparison" />
        <ParameterReference Name="Threshold Value" />
        <ParameterReference Name="Result" />
        <ParameterReference Name="Value" />
        <BlockInterface>Compare</BlockInterface>
		<Flags>PBROnly</Flags>
      </Block>
      <Block>
        <Mode>CompareAccumulatedAngle</Mode>
        <Reference Type="VILib" Name="HTAngleSensorAccumulatedCompare.vix" />
        <ParameterReference Name="Port" />
        <ParameterReference Name="Comparison" />
        <ParameterReference Name="Threshold Value" />
        <ParameterReference Name="Result" />
        <ParameterReference Name="Value" />
        <BlockInterface>Compare</BlockInterface>
		<Flags>PBROnly</Flags>
      </Block>
      <Block>
        <Mode>ChangeAngle</Mode>
        <Reference Type="VILib" Name="HTAngleSensorChange.vix" />
        <ParameterReference Name="Port" />
        <ParameterReference Name="Direction" />
        <ParameterReference Name="Amount" />
        <ParameterReference Name="Result" />
        <ParameterReference Name="Value" />
        <ParameterReference Name="i" />
        <BlockInterface>Change</BlockInterface>
		<Flags>NXTOnly</Flags>
      </Block>
    </PolyGroup>    
  </PolyGroups>
 
</EditorDefinitions>
