﻿<?xml version="1.0" encoding="utf-8"?>
<EditorDefinitions>
  <PolyGroups ModuleName="HiTechnic Compass" ModuleVersion="0.3">
    <PolyGroup Name="HTCompassSensor" DisplayNamePrefix="Compass" BlockFamily="Sensor">
      <Parameter Name="Port" CompilerDirectives="OneInputPort" Direction="Input" DefaultValue="1.2" />
      <Parameter Name="Heading" Identification="Identification_angle.png" DataType="Int32" Direction="Output" />
      <Parameter Name="Target" Identification="Identification_Numeric.png" Direction="Input" DataType="Int32" DefaultValue="0"  />
      <Parameter Name="Success" Identification="Identification_OutputBoolean.png" DataType="Boolean" Direction="Output" />
      <Hardware>
        <NXTPlotColor>#ffffab34</NXTPlotColor>
        <EV3PlotColor>#ffd46800</EV3PlotColor>
        <EV3AutoID>-1</EV3AutoID> <!--Use autoID -1 if your sensor does not support autoID on the EV3.-->
        <Direction>Input</Direction>
        <DefaultPort>1.2</DefaultPort>
      </Hardware>
      <Block>
        <Mode>MeasureAbsHeading</Mode>
        <Reference Type="VILib" Name="HTCompassAbsHeading.vix" />
        <ParameterReference Name="Port" />
        <ParameterReference Name="Heading" />
        <BlockInterface>Measure</BlockInterface>
        <HardwareModeInfo Name="HTCompass-Abs" ID="0" Range="0,360" Unit="" />
        <PaletteInfo Weight="0.5" />
      </Block>
      <Block>
        <Mode>MeasureRelHeading</Mode>
        <Reference Type="VILib" Name="HTCompassRelHeading.vix" />
        <ParameterReference Name="Port" />
        <ParameterReference Name="Target" />
        <ParameterReference Name="Heading" />
        <BlockInterface>Measure</BlockInterface>
        <HardwareModeInfo Name="HTCompass-Rel" ID="0" Range="-180,180" Unit="" />
      </Block>
      <Category Name="Calibrate">
          <Block>
            <Mode>CalibrateStart</Mode>
            <Reference Type="VILib" Name="HTCompassCalStart.vix" />
            <ParameterReference Name="Port" />
          </Block>
          <Block>
            <Mode>CalibrateStop</Mode>
            <Reference Type="VILib" Name="HTCompassCalStop.vix" />
            <ParameterReference Name="Port" />
            <ParameterReference Name="Success" />
          </Block>
      </Category>      
    </PolyGroup>   
  </PolyGroups>
 
</EditorDefinitions>
