﻿<?xml version="1.0" encoding="utf-8"?>
<EditorDefinitions>
  <PolyGroups ModuleName="HiTechnic Color" ModuleVersion="0.3">
    <PolyGroup Name="HTColorSensor" DisplayNamePrefix="Color" BlockFamily="Sensor">
      <Parameter Name="Port" CompilerDirectives="OneInputPort" Direction="Input" DefaultValue="1.1" /> 
      <Parameter Name="Color" Identification="Identification_Numeric.png" DataType="Int32" Direction="Output" />
      <Parameter Name="Red" Identification="Identification_Red.png" DataType="Int32" Direction="Output" />
      <Parameter Name="Green" Identification="Identification_Green.png" DataType="Int32" Direction="Output" />
      <Parameter Name="Blue" Identification="Identification_Blue.png" DataType="Int32" Direction="Output" />
      <Parameter Name="White" Identification="Identification_White.png" DataType="Int32" Direction="Output" />
      <Hardware>
        <NXTPlotColor>#ffffab34</NXTPlotColor>
        <EV3PlotColor>#ffd46800</EV3PlotColor>
        <EV3AutoID>-1</EV3AutoID> <!--Use autoID -1 if your sensor does not support autoID on the EV3.-->
        <Direction>Input</Direction>
        <DefaultPort>1.1 </DefaultPort>
      </Hardware>
      <Block>
        <Mode>MeasureColor</Mode>
        <Reference Type="VILib" Name="HTColorMeasureColor.vix" />
        <ParameterReference Name="Port" />
        <ParameterReference Name="Color" />
        <BlockInterface>Measure</BlockInterface>
        <HardwareModeInfo Name="HTColor" ID="0" Range="-400,400" Unit="" />
        <PaletteInfo Weight="0.5" />
      </Block>
      <Block>
        <Mode>MeasureRGB</Mode>
        <Reference Type="VILib" Name="HTColorMeasureRGB.vix" />
        <ParameterReference Name="Port" />
        <ParameterReference Name="Color" />
        <ParameterReference Name="Red" />
        <ParameterReference Name="Green" />
        <ParameterReference Name="Blue" />
        <ParameterReference Name="White" />
        <BlockInterface>Measure</BlockInterface>
        <HardwareModeInfo Name="HTColor" ID="0" Range="-400,400" Unit="" />
      </Block>
      <Block>
        <Mode>MeasurePassive</Mode>
        <Reference Type="VILib" Name="HTColorMeasurePassive.vix" />
        <ParameterReference Name="Port" />
        <ParameterReference Name="Red" />
        <ParameterReference Name="Green" />
        <ParameterReference Name="Blue" />
        <ParameterReference Name="White" />
        <BlockInterface>Measure</BlockInterface>
        <HardwareModeInfo Name="HTColor" ID="0" Range="-400,400" Unit="" />
      </Block>
      <Block>
        <Mode>MeasureRaw</Mode>
        <Reference Type="VILib" Name="HTColorMeasureRaw.vix" />
        <ParameterReference Name="Port" />
        <ParameterReference Name="Red" />
        <ParameterReference Name="Green" />
        <ParameterReference Name="Blue" />
        <ParameterReference Name="White" />
        <BlockInterface>Measure</BlockInterface>
        <HardwareModeInfo Name="HTColor" ID="0" Range="-400,400" Unit="" />
      </Block>
    </PolyGroup>   
  </PolyGroups>
 </EditorDefinitions>
