﻿<?xml version="1.0" encoding="utf-8"?>
<EditorDefinitions>
  <PolyGroups ModuleName="HiTechnic-Servo-Controller-for-TETRIX" ModuleVersion="1.01">
  
	<PolyGroup Name="HiTechnic-Servo-Controller-for-TETRIX" DisplayNamePrefix="HTSC" BlockFamily="Action">
      <Parameter Name="Port" CompilerDirectives="OneInputPort" Direction="Input" DefaultValue="1.1" />
	  <Parameter Name="ControllerNum" Configuration="Output_HTSCID.xml" Identification="Output_HTSCID.xml" DataType="UInt8" Direction="Input" DefaultValue="1" />
	  <Parameter Name="Servo" Configuration="Output_ServoID.xml" Identification="Output_ServoID.xml" DataType="UInt8" Direction="Input" DefaultValue="1" />
	  <Parameter Name="Position" Identification="Position.png" Configuration="SliderVertical.Custom" MinValue="0" MaxValue="255" Slider.HideMidpoint="False" DataType="UInt8" Direction="Input" DefaultValue="128" />
      <Parameter Name="StepTime" Identification="StepTime.png" Configuration="SliderVertical.Custom" MinValue="0" MaxValue="15" Slider.HideMidpoint="True" DataType="UInt8" Direction="Input" DefaultValue="0" />
	  <Parameter Name="PositionOut" Identification="Position.png" DataType="UInt16" Direction="Output" />
      <Block>
        <Mode>Read</Mode>
        <Reference Type="VILib" Name="P_ReadServo.vix" />
        <ParameterReference Name="Port" />
		<ParameterReference Name="ControllerNum" />
		<ParameterReference Name="Servo" />
		<ParameterReference Name="PositionOut" />
        <Flags>EV3Only</Flags>
      </Block>
      <Block>
        <Mode>Move</Mode>
        <Reference Type="VILib" Name="P_Servo.vix" />
        <ParameterReference Name="Port" />
		<ParameterReference Name="ControllerNum" />
		<ParameterReference Name="Servo" />
		<ParameterReference Name="Position" />
        <Flags>EV3Only</Flags>
        <PaletteInfo Weight="0.5" />
      </Block> 
      <Block>
        <Mode>StepTime</Mode>
        <Reference Type="VILib" Name="P_StepTime.vix" />
        <ParameterReference Name="Port" />
		<ParameterReference Name="ControllerNum" />
		<ParameterReference Name="StepTime" />
        <Flags>EV3Only</Flags>
      </Block>      
    </PolyGroup>

  </PolyGroups> 
</EditorDefinitions>
