﻿<?xml version="1.0" encoding="utf-8"?>
<EditorDefinitions>
  <PolyGroups ModuleName="HiTechnic Accelerometer" ModuleVersion="0.2">
    <PolyGroup Name="HTAccelSensor" DisplayNamePrefix="Accelerometer" BlockFamily="Sensor">
      <Parameter Name="Port" CompilerDirectives="OneInputPort" Direction="Input" DefaultValue="1.2" />
      <Parameter Name="AccelX" Identification="Identification_Xa.png" DataType="Single" Direction="Output" />
      <Parameter Name="AccelY" Identification="Identification_Ya.png" DataType="Single" Direction="Output" />
      <Parameter Name="AccelZ" Identification="Identification_Za.png" DataType="Single" Direction="Output" />
      <Hardware>
        <NXTPlotColor>#ffffab34</NXTPlotColor>
        <EV3PlotColor>#ffd46800</EV3PlotColor>
        <EV3AutoID>-1</EV3AutoID> <!--Use autoID -1 if your sensor does not support autoID on the EV3.-->
        <Direction>Input</Direction>
        <DefaultPort>1.1</DefaultPort>
      </Hardware>
      <Block>
        <Mode>MeasureZYZMPSS</Mode>
        <Reference Type="VILib" Name="HTAccelXYZMPSS.vix" />
        <ParameterReference Name="Port" />
        <ParameterReference Name="AccelX" />
        <ParameterReference Name="AccelY" />
        <ParameterReference Name="AccelZ" />
        <BlockInterface>Measure</BlockInterface>
        <HardwareModeInfo Name="HTAccel" ID="0" Range="-20,20" Unit="" />
        <PaletteInfo Weight="0.5" />
      </Block>
      <Block>
        <Mode>MeasureZYZG</Mode>
        <Reference Type="VILib" Name="HTAccelXYZG.vix" />
        <ParameterReference Name="Port" />
        <ParameterReference Name="AccelX" />
        <ParameterReference Name="AccelY" />
        <ParameterReference Name="AccelZ" />
        <BlockInterface>Measure</BlockInterface>
        <HardwareModeInfo Name="HTAccel" ID="0" Range="-2,2" Unit="" />
      </Block>
      <Block>
        <Mode>MeasureZYZRaw</Mode>
        <Reference Type="VILib" Name="HTAccelXYZRaw.vix" />
        <ParameterReference Name="Port" />
        <ParameterReference Name="AccelX" />
        <ParameterReference Name="AccelY" />
        <ParameterReference Name="AccelZ" />
        <BlockInterface>Measure</BlockInterface>
        <HardwareModeInfo Name="HTAccel" ID="0" Range="-500,500" Unit="" />
      </Block>
    </PolyGroup>   
  </PolyGroups>
 
</EditorDefinitions>
