﻿<?xml version="1.0" encoding="utf-8"?>
<EditorStrings>
  <PolyGroups ModuleName="HiTechnic Accelerometer">
    <PolyGroup Name="HTAccelSensor" DisplayName="HiTechnic Accelerometer">
      <Description><![CDATA[<p>Context help for PolyGroup <b>HTAccelSensor</b></p>]]></Description>
      <Parameter Name="Port" DisplayName="Port">
        <Description><![CDATA[<p>Context help for Parameter <b>Port</b></p>]]></Description>
      </Parameter>
      <Parameter Name="AccelX" DisplayName="X Acceleration">
        <Description><![CDATA[<p>Context help for Parameter <b>X Acceleration</b></p>]]></Description>
      </Parameter>
      <Parameter Name="AccelY" DisplayName="Y Acceleration">
        <Description><![CDATA[<p>Context help for Parameter <b>Y Acceleration</b></p>]]></Description>
      </Parameter>
      <Parameter Name="AccelZ" DisplayName="Z Acceleration">
        <Description><![CDATA[<p>Context help for Parameter <b>Z Acceleration</b></p>]]></Description>
      </Parameter>
      <Block Mode="MeasureZYZMPSS" DisplayName="XYZ Acceleration (m/s^2)">
        <Description><![CDATA[<p>Context help for Block <b>Measure XYZ Acceleration in m/s^2</b></p>]]></Description>
      </Block>
      <Block Mode="MeasureZYZG" DisplayName="XYZ Acceleration (G)">
        <Description><![CDATA[<p>Context help for Block <b>Measure XYZ Acceleration in g</b></p>]]></Description>
      </Block>
      <Block Mode="MeasureZYZRaw" DisplayName="XYZ Acceleration (Raw)">
        <Description><![CDATA[<p>Context help for Block <b>Measure XYZ Acceleration (200 per g)</b></p>]]></Description>
      </Block>
    </PolyGroup>    
  </PolyGroups>
</EditorStrings>
