﻿<?xml version="1.0" encoding="utf-8"?>
<EditorDefinitions>
	<PolyGroups ModuleName="HiTechnic IRSeekerV2" ModuleVersion="0.3edit (by T²H v3)">
		<PolyGroup Name="HTIRSeekerV2Sensor" DisplayNamePrefix="IRSeekerV2" BlockFamily="Sensor">
			<Parameter Name="Port" CompilerDirectives="OneInputPort" Direction="Input" DefaultValue="1.4" />
			<Parameter Name="Direction" Identification="Identification_dir.png" DataType="Int32" Direction="Output" />
			<Parameter Name="Strength" Identification="Identification_strength.png" DataType="Int32" Direction="Output" />
			<Parameter Name="1-Strength" Identification="1-Strength.png" DataType="Int32" Direction="Output" />
			<Parameter Name="2-Strength" Identification="2-Strength.png" DataType="Int32" Direction="Output" />
			<Parameter Name="3-Strength" Identification="3-Strength.png" DataType="Int32" Direction="Output" />
			<Parameter Name="4-Strength" Identification="4-Strength.png" DataType="Int32" Direction="Output" />
			<Parameter Name="5-Strength" Identification="5-Strength.png" DataType="Int32" Direction="Output" />
			<Hardware>
				<NXTPlotColor>#ffffab34</NXTPlotColor>
				<EV3PlotColor>#ffd46800</EV3PlotColor>
				<EV3AutoID>52</EV3AutoID>
				<Direction>Input</Direction>
				<DefaultPort>1.4</DefaultPort>
			</Hardware>
			<Category Name="AC">
				<Block>
					<Mode>ACdir</Mode>
					<Reference Type="VILib" Name="AC-IRSeekerV2Dir.vix" />
					<ParameterReference Name="Port" />
					<ParameterReference Name="Direction" />
					<HardwareModeInfo Name="HTIRSeekerV2" ID="0" Range="0,9" Unit="" />
				</Block>
				<Block>
					<Mode>AC5strength</Mode>
					<Reference Type="VILib" Name="AC-IRSeekerV2-5sStrength.vix" />
					<ParameterReference Name="Port" />
					<ParameterReference Name="1-Strength" />
					<ParameterReference Name="2-Strength" />
					<ParameterReference Name="3-Strength" />
					<ParameterReference Name="4-Strength" />
					<ParameterReference Name="5-Strength" />
					<HardwareModeInfo Name="HTIRSeekerV2" ID="0" Range="0,9" Unit="" />
				</Block>
				<Block>
					<Mode>ACenhanced</Mode>
					<Reference Type="VILib" Name="AC-IRSeekerV2DirStr.vix" />
					<ParameterReference Name="Port" />
					<ParameterReference Name="Direction" />
					<ParameterReference Name="Strength" />
					<HardwareModeInfo Name="HTIRSeekerV2" ID="0" Range="0,9" Unit="" />
					<PaletteInfo Weight="0.5" />
				</Block>
			</Category>
			<Category Name="DC">
				<Block>
					<Mode>DCdir</Mode>
					<Reference Type="VILib" Name="DC-IRSeekerV2Dir.vix" />
					<ParameterReference Name="Port" />
					<ParameterReference Name="Direction" />
					<HardwareModeInfo Name="HTIRSeekerV2" ID="0" Range="0,9" Unit="" />
				</Block>
				<Block>
					<Mode>DC5strength</Mode>
					<Reference Type="VILib" Name="DC-IRSeekerV2-5sStrength.vix" />
					<ParameterReference Name="Port" />
					<ParameterReference Name="1-Strength" />
					<ParameterReference Name="2-Strength" />
					<ParameterReference Name="3-Strength" />
					<ParameterReference Name="4-Strength" />
					<ParameterReference Name="5-Strength" />
					<HardwareModeInfo Name="HTIRSeekerV2" ID="0" Range="0,9" Unit="" />
				</Block>
				<Block>
					<Mode>DCenhanced</Mode>
					<Reference Type="VILib" Name="DC-IRSeekerV2DirStr.vix" />
					<ParameterReference Name="Port" />
					<ParameterReference Name="Direction" />
					<ParameterReference Name="Strength" />
					<HardwareModeInfo Name="HTIRSeekerV2" ID="0" Range="0,9" Unit="" />
				</Block>
			</Category>
		</PolyGroup>
	</PolyGroups>
</EditorDefinitions>

