﻿<?xml version="1.0" encoding="utf-8"?>
<EditorDefinitions>
  <PolyGroups ModuleName="HiTechnic-Motor-Controller-for-TETRIX" ModuleVersion="1.03">
  
	<PolyGroup Name="HiTechnic-Motor-Controller-for-TETRIX" DisplayNamePrefix="HTMC" BlockFamily="Action">
      <Parameter Name="Port" CompilerDirectives="OneInputPort" Direction="Input" DefaultValue="1.1" />
	  <Parameter Name="ControllerNum" Configuration="Output_HTMCID.xml" Identification="Output_HTMCID.xml" DataType="UInt8" Direction="Input" DefaultValue="1" />
	  <Parameter Name="Motors" Configuration="Output_MotorID.xml" Identification="Output_MotorID.xml" DataType="UInt8" Direction="Input" DefaultValue="1" />
      <Parameter Name="Encoders" Configuration="Output_EncoderID.xml" Identification="Output_EncoderID.xml" DataType="UInt8" Direction="Input" DefaultValue="1" />
	  <Parameter Name="Power" Identification="Identification_Power1.xml" Configuration="SliderVertical.Custom" MinValue="-100" MaxValue="100" DataType="Int8" Direction="Input" DefaultValue="50" />
      <Parameter Name="Power2" Identification="Identification_Power2.xml" Configuration="SliderVertical.Custom" MinValue="-100" MaxValue="100" DataType="Int8" Direction="Input" DefaultValue="50" />
	  <Parameter Name="Reverse" Configuration="Output_RMotorID.xml" Identification="Output_RMotorID.xml" DataType="UInt8" Direction="Input" DefaultValue="0" />
	  <Parameter Name="Duration1" Identification="Degrees.png" DataType="Int32" Direction="Input" DefaultValue="720" />
	  <Parameter Name="Duration2" Identification="Rotations.png" DataType="Int32" Direction="Input" DefaultValue="5" />
      <Parameter Name="Duration3" Identification="Encoder.png" DataType="Int32" Direction="Input" DefaultValue="200" />
	  <Parameter Name="Next" Configuration="Output_NextActionID.xml" Identification="Output_NextActionID.xml" DataType="Boolean" Direction="Input" DefaultValue="False" />
	  <Parameter Name="TimeOut" Identification="TimeOut.png" DataType="Boolean" Direction="Input" DefaultValue="True" />
	  <Parameter Name="Encoder1" Identification="Encoder1.png" DataType="Int32" Direction="Output" />
	  <Parameter Name="Encoder2" Identification="Encoder2.png" DataType="Int32" Direction="Output" />
	  <Parameter Name="Voltage" Identification="Voltage.png" DataType="UInt32" Direction="Output" />
	  <Block>
        <Mode>ReadEncoders</Mode>
        <Reference Type="VILib" Name="P_ReadEncoders.vix" />
        <ParameterReference Name="Port" />
		<ParameterReference Name="ControllerNum" />
		<ParameterReference Name="Encoder1" />
		<ParameterReference Name="Encoder2" />
        <BlockInterface>Measure</BlockInterface>
        <PaletteInfo Weight="0.5" />
        <Flags>EV3Only</Flags>
      </Block>
	  <Block>
	  <Mode>ReadVoltage</Mode>
        <Reference Type="VILib" Name="P_ReadVoltage.vix" />
        <ParameterReference Name="Port" />
		<ParameterReference Name="ControllerNum" />
		<ParameterReference Name="Voltage" />
        <BlockInterface>Measure</BlockInterface>
        <Flags>EV3Only</Flags>
      </Block>
	  <Category Name="Move">
	    <Block>
	    <Mode>Unlimited</Mode>
			<Reference Type="VILib" Name="P_Unlimited.vix" />
			<ParameterReference Name="Port" />
			<ParameterReference Name="ControllerNum" />
			<ParameterReference Name="Motors" />
			<ParameterReference Name="Power" />
            <ParameterReference Name="Power2" />
            <ParameterReference Name="Reverse" />
            <Flags>EV3Only</Flags>
            
        </Block>
	    <Block>
	    <Mode>Stop</Mode>
			<Reference Type="VILib" Name="P_Stop.vix" />
			<ParameterReference Name="Port" />
			<ParameterReference Name="ControllerNum" />
			<ParameterReference Name="Motors" />
			<ParameterReference Name="Next" />
            <Flags>EV3Only</Flags>
        </Block>
	    <Block>
	    <Mode>ConstantSpeed</Mode>
			<Reference Type="VILib" Name="P_ConstSpeed.vix" />
			<ParameterReference Name="Port" />
			<ParameterReference Name="ControllerNum" />
			<ParameterReference Name="Motors" />
			<ParameterReference Name="Power" />
            <ParameterReference Name="Power2" />
            <ParameterReference Name="Reverse" />
            <Flags>EV3Only</Flags>
        </Block>
        <Block>
	    <Mode>Degrees</Mode>
			<Reference Type="VILib" Name="P_Degrees.vix" />
			<ParameterReference Name="Port" />
			<ParameterReference Name="ControllerNum" />
			<ParameterReference Name="Motors" />
			<ParameterReference Name="Power" />
            <ParameterReference Name="Power2" />
			<ParameterReference Name="Duration1" />
			<ParameterReference Name="Next" />
            <ParameterReference Name="Reverse" />
            <Flags>EV3Only</Flags>
        </Block>
	    <Block>
	    <Mode>Rotations</Mode>
			<Reference Type="VILib" Name="P_Rotations.vix" />
			<ParameterReference Name="Port" />
			<ParameterReference Name="ControllerNum" />
			<ParameterReference Name="Motors" />
			<ParameterReference Name="Power" />
            <ParameterReference Name="Power2" />
			<ParameterReference Name="Duration2" />
			<ParameterReference Name="Next" />
            <ParameterReference Name="Reverse" />
            <Flags>EV3Only</Flags>
        </Block>
	    <Block>
	    <Mode>Encoders</Mode>
			<Reference Type="VILib" Name="P_Encoders.vix" />
			<ParameterReference Name="Port" />
			<ParameterReference Name="ControllerNum" />
			<ParameterReference Name="Motors" />
			<ParameterReference Name="Power" />
            <ParameterReference Name="Power2" />
			<ParameterReference Name="Duration3" />
			<ParameterReference Name="Next" />
            <ParameterReference Name="Reverse" />
            <Flags>EV3Only</Flags>
        </Block>
	  </Category>
      <Category Name="Operation">
	    <Block>
	    <Mode>Reset</Mode>
			<Reference Type="VILib" Name="P_ResetEnc.vix" />
			<ParameterReference Name="Port" />
			<ParameterReference Name="ControllerNum" />
			<ParameterReference Name="Encoders" />
            <Flags>EV3Only</Flags>
        </Block>
        <Block>
	    <Mode>Timeout</Mode>
			<Reference Type="VILib" Name="P_TimeOut.vix" />
			<ParameterReference Name="Port" />
			<ParameterReference Name="ControllerNum" />
            <ParameterReference Name="TimeOut" />
            <Flags>EV3Only</Flags>
        </Block>
	  </Category>	  
    </PolyGroup>

  </PolyGroups> 
</EditorDefinitions>
