﻿<?xml version="1.0" encoding="utf-8"?>
<EditorDefinitions>
  <PolyGroups ModuleName="Dexter" ModuleVersion="1.9">
    <PolyGroup Name="dPressure" BlockFamily="Sensor">
      <Parameter Name="Direction" Direction="Input" DataType="UInt32" DefaultValue="2" Configuration="builtin://Identification_WaitForChange.xml" Identification="builtin://Identification_WaitForChange.xml" />
      <Parameter Name="Port" CompilerDirectives="OneInputPort" Direction="Input" DefaultValue="1.3" />
      <Parameter Name="Comparison" Direction="Input" Configuration="builtin://Identification_ComparisonType.xml" Identification="builtin://Identification_ComparisonType.xml" DataType="Int32" DefaultValue="4" />
      <Parameter Name="Threshold" Identification="builtin://Identification_Threshold_UltrasonicInches.xml" DataType="Single" Direction="Input" DefaultValue="50" MinValue="0" MaxValue="100" />
      <Parameter Name="Amount" Identification="builtin://Identification_Numeric.png" DataType="Single" Direction="Input" DefaultValue="10" />
      <Parameter Name="i" CompilerDirectives="WaitForIteration" DataType="Int32" Direction="Input" DefaultValue="0" />
      <Parameter Name="Raw" Identification="dPressure-Raw.png" DataType="Single" Direction="Output"/>
      <Parameter Name="kPa" Identification="dPressure-kPa.png" DataType="Single" Direction="Output"/>
      <Parameter Name="PSI" Identification="dPressure-PSI.png" DataType="Single" Direction="Output"/>
      <Parameter Name="Result" CompilerDirectives="Result" Identification="builtin://Identification_CompareResult.png" DataType="Boolean" Direction="Output" />
      <Hardware>
        <NXTPlotColor>#ffff3132</NXTPlotColor>
        <EV3PlotColor>#ff785028</EV3PlotColor>
        <EV3AutoID>-1</EV3AutoID>
        <Direction>Input</Direction>
        <DefaultPort>1.1</DefaultPort>
      </Hardware>
      <Block>
        <Mode>dPressure250</Mode>
        <Reference Type="VILib" Name="dPressure250.vix" />
        <ParameterReference Name="Port" />
        <ParameterReference Name="Raw" />
		<ParameterReference Name="kPa" />
		<ParameterReference Name="PSI" />
	    <PaletteInfo Weight="0.5" />
        <BlockInterface>Measure</BlockInterface>
        <Flags></Flags>
        <Hardware></Hardware>
        <HardwareModeInfo Name="COL-REFLECT" ID="0" Range="0,100" Unit="%" />
      </Block>
      <Block>
        <Mode>dPressure500</Mode>
        <Reference Type="VILib" Name="dPressure500.vix" />
        <ParameterReference Name="Port" />
        <ParameterReference Name="Raw" />
		<ParameterReference Name="kPa" />
		<ParameterReference Name="PSI" />
	    <BlockInterface>Measure</BlockInterface>
        <Flags></Flags>
        <Hardware></Hardware>
        <HardwareModeInfo Name="COL-REFLECT" ID="0" Range="0,100" Unit="%" />
      </Block>	  
      <!--<Block>
        <Mode>SampleCompareValue</Mode>
        <Reference Type="VILib" Name="SampleSensorCompare.vix" />
        <ParameterReference Name="Port" />
        <ParameterReference Name="Comparison" />
        <ParameterReference Name="Threshold" />
        <ParameterReference Name="Result" />
        <ParameterReference Name="Value" />
        <BlockInterface>Compare</BlockInterface>
        <Flags></Flags>
      </Block> -->
    </PolyGroup>
	<PolyGroup Name="dGPS" BlockFamily="Sensor">
      <Parameter Name="Direction" Direction="Input" DataType="UInt32" DefaultValue="2" Configuration="builtin://Identification_WaitForChange.xml" Identification="builtin://Identification_WaitForChange.xml" />
      <Parameter Name="Port" CompilerDirectives="OneInputPort" Direction="Input" DefaultValue="1.3" />
      <Parameter Name="Amount" Identification="builtin://Identification_Numeric.png" DataType="Single" Direction="Input" DefaultValue="10" />
      <Parameter Name="i" CompilerDirectives="WaitForIteration" DataType="Int32" Direction="Input" DefaultValue="0" />
      <Parameter Name="Time" Identification="builtin://Identification_Numeric.png" DataType="Int32" Direction="Output"/>
      <Parameter Name="Lat" Identification="builtin://Identification_Numeric.png" DataType="Int32" Direction="Output"/>	 
      <Parameter Name="Lon" Identification="builtin://Identification_Numeric.png" DataType="Int32" Direction="Output"/>
      <Parameter Name="Hea" Identification="builtin://Identification_Numeric.png" DataType="Int32" Direction="Output"/>	 
      <Parameter Name="Vel" Identification="builtin://Identification_Numeric.png" DataType="Int32" Direction="Output"/>	 
      <Parameter Name="Sig" Identification="builtin://Identification_Numeric.png" DataType="Int32" Direction="Output"/>	 	  
 	  
      <Hardware>
        <NXTPlotColor>#ffff3132</NXTPlotColor>
        <EV3PlotColor>#ff785028</EV3PlotColor>
        <EV3AutoID>-1</EV3AutoID>
        <Direction>Input</Direction>
        <DefaultPort>1.1</DefaultPort>
      </Hardware>
      <Block>
        <Mode>ReadTime</Mode>
        <Reference Type="VILib" Name="dGPS-Time.vix" />
        <ParameterReference Name="Port" />
        <ParameterReference Name="Time" />
        <PaletteInfo Weight="0.5" />
        <BlockInterface>Time</BlockInterface>
        <Flags></Flags>
        <Hardware></Hardware>
        <HardwareModeInfo Name="COL-REFLECT" ID="0" Range="0,100" Unit="%" />
      </Block>
      <Block>
        <Mode>ReadLat</Mode>
        <Reference Type="VILib" Name="dGPS-Lat.vix" />
        <ParameterReference Name="Port" />
        <ParameterReference Name="Lat" />
        <!-- <PaletteInfo Weight="0.5" />  -->
        <BlockInterface>Lat</BlockInterface>
        <Flags></Flags>
        <Hardware></Hardware>
        <HardwareModeInfo Name="COL-REFLECT" ID="0" Range="0,100" Unit="%" />
      </Block>
      <Block>
        <Mode>ReadLon</Mode>
        <Reference Type="VILib" Name="dGPS-Lon.vix" />
        <ParameterReference Name="Port" />
        <ParameterReference Name="Lon" />
        <!-- <PaletteInfo Weight="0.5" />  -->
        <BlockInterface>Lon</BlockInterface>
        <Flags></Flags>
        <Hardware></Hardware>
        <HardwareModeInfo Name="COL-REFLECT" ID="0" Range="0,100" Unit="%" />
      </Block>
	  <Block>
        <Mode>ReadHea</Mode>
        <Reference Type="VILib" Name="dGPS-Hea.vix" />
        <ParameterReference Name="Port" />
        <ParameterReference Name="Hea" />
        <!-- <PaletteInfo Weight="0.5" />  -->
        <BlockInterface>Hea</BlockInterface>
        <Flags></Flags>
        <Hardware></Hardware>
        <HardwareModeInfo Name="COL-REFLECT" ID="0" Range="0,100" Unit="%" />
      </Block>
      <Block>
        <Mode>ReadVel</Mode>
        <Reference Type="VILib" Name="dGPS-Vel.vix" />
        <ParameterReference Name="Port" />
        <ParameterReference Name="Vel" />
        <!-- <PaletteInfo Weight="0.5" />  -->
        <BlockInterface>Vel</BlockInterface>
        <Flags></Flags>
        <Hardware></Hardware>
        <HardwareModeInfo Name="COL-REFLECT" ID="0" Range="0,100" Unit="%" />
      </Block>
      <Block>
        <Mode>ReadSig</Mode>
        <Reference Type="VILib" Name="dGPS-Sig.vix" />
        <ParameterReference Name="Port" />
        <ParameterReference Name="Sig" />
        <!-- <PaletteInfo Weight="0.5" />  -->
        <BlockInterface>Sig</BlockInterface>
        <Flags></Flags>
        <Hardware></Hardware>
        <HardwareModeInfo Name="COL-REFLECT" ID="0" Range="0,100" Unit="%" />
      </Block>	    
    </PolyGroup>
    <PolyGroup Name="dLight" BlockFamily="Sensor">
      <Parameter Name="Direction" Direction="Input" DataType="UInt32" DefaultValue="2" Configuration="builtin://Identification_WaitForChange.xml" Identification="builtin://Identification_WaitForChange.xml" />
      <Parameter Name="Port" CompilerDirectives="OneInputPort" Direction="Input" DefaultValue="1.3" />
      <Parameter Name="Amount" Identification="builtin://Identification_Numeric.png" DataType="Single" Direction="Input" DefaultValue="10" />
      <Parameter Name="i" CompilerDirectives="WaitForIteration" DataType="Int32" Direction="Input" DefaultValue="0" />
      <Parameter Name="LightNum" Identification="dLight-Number.png" DataType="Int32" Direction="Input" DefaultValue="0" MinValue="0" MaxValue="5"/>	  
      <Parameter Name="Power" Identification="dLight-power.png" DataType="Int32" Direction="Input" DefaultValue="1" MinValue="0" MaxValue="1"/>	  
	  <Parameter Name="R" Identification="dLight-red.png" DataType="Int32" Direction="Input" DefaultValue="255" MinValue="0" MaxValue="255"/>	  
      <Parameter Name="G" Identification="dLight-green.png" DataType="Int32" Direction="Input" DefaultValue="255" MinValue="0" MaxValue="255"/>	  
      <Parameter Name="B" Identification="dLight-blue.png" DataType="Int32" Direction="Input" DefaultValue="255" MinValue="0" MaxValue="255"/>	  
      <Parameter Name="Blink" Identification="dLight-blink.png" DataType="Int32" Direction="Input" DefaultValue="0" MinValue="0" MaxValue="1"/>	  
      <Parameter Name="Freq" Identification="dLight-frequency.png" DataType="Int32" Direction="Input" DefaultValue="0" MinValue="0" MaxValue="100"/>	  
      <Hardware>
        <NXTPlotColor>#ffff3132</NXTPlotColor>
        <EV3PlotColor>#ff785028</EV3PlotColor>
        <EV3AutoID>-1</EV3AutoID>
        <Direction>Input</Direction>
        <DefaultPort>1.1</DefaultPort>
      </Hardware>
	  <Block>
        <Mode>SetLight</Mode>
        <Reference Type="VILib" Name="dLight.vix" />
        <ParameterReference Name="Port" />
        <ParameterReference Name="LightNum" />
        <ParameterReference Name="Power" /> 
		<ParameterReference Name="R" /> 	
        <ParameterReference Name="G" /> 
        <ParameterReference Name="B" /> 
        <ParameterReference Name="Blink" /> 
        <ParameterReference Name="Freq" /> 
        <PaletteInfo Weight="0.5" />
        <BlockInterface>SetLight</BlockInterface>
        <Flags></Flags>
        <Hardware></Hardware>
        <HardwareModeInfo Name="COL-REFLECT" ID="0" Range="0,100" Unit="%" />
      </Block>	 	  
    </PolyGroup>
	<PolyGroup Name="dIMU" BlockFamily="Sensor">
      <Parameter Name="Direction" Direction="Input" DataType="UInt32" DefaultValue="2" Configuration="builtin://Identification_WaitForChange.xml" Identification="builtin://Identification_WaitForChange.xml"/>
      <Parameter Name="Port" CompilerDirectives="OneInputPort" Direction="Input" DefaultValue="1.3"/>
      <Parameter Name="Amount" Identification="builtin://Identification_Numeric.png" DataType="Single" Direction="Input" DefaultValue="10"/>
      <Parameter Name="i" CompilerDirectives="WaitForIteration" DataType="Int32" Direction="Input" DefaultValue="0"/>
      <Parameter Name="Acclx" Identification="Accl-x.png" DataType="Single" Direction="Output"/>	  
	  <Parameter Name="Accly" Identification="Accl-y.png" DataType="Single" Direction="Output"/>	  
	  <Parameter Name="Acclz" Identification="Accl-z.png" DataType="Single" Direction="Output"/>
	  <Parameter Name="Gyrox" Identification="Gyro-x.png" DataType="Int32" Direction="Output"/>	  
	  <Parameter Name="Gyroy" Identification="Gyro-y.png" DataType="Int32" Direction="Output"/>	  
	  <Parameter Name="Gyroz" Identification="Gyro-z.png" DataType="Int32" Direction="Output"/>
	  
      <Hardware>
        <NXTPlotColor>#ffff3132</NXTPlotColor>
        <EV3PlotColor>#ff785028</EV3PlotColor>
        <EV3AutoID>-1</EV3AutoID>
        <Direction>Input</Direction>
        <DefaultPort>1.1</DefaultPort>
      </Hardware>
	  <Block>
        <Mode>ReadAccl4G</Mode>
        <Reference Type="VILib" Name="Accel4.vix" />
        <ParameterReference Name="Port" />
        <ParameterReference Name="Acclx" />
        <ParameterReference Name="Accly" /> 
		<ParameterReference Name="Acclz" /> 	
        <PaletteInfo Weight="0.5" />
        <BlockInterface>ReadAccl4G</BlockInterface>
        <Flags></Flags>
        <Hardware></Hardware>
        <HardwareModeInfo Name="COL-REFLECT" ID="0" Range="0,100" Unit="%" />
      </Block>
	  <Block>
        <Mode>ReadAccl8G</Mode>
        <Reference Type="VILib" Name="Accel8.vix" />
        <ParameterReference Name="Port" />
        <ParameterReference Name="Acclx" />
        <ParameterReference Name="Accly" /> 
		<ParameterReference Name="Acclz" /> 	
        <!-- <PaletteInfo Weight="0.5" /> -->
        <BlockInterface>ReadAccl8G</BlockInterface>
        <Flags></Flags>
      </Block>
	  <Block>
		<Mode>ReadGyro</Mode>
        <Reference Type="VILib" Name="gyro.vix" />
        <ParameterReference Name="Port" />
        <ParameterReference Name="Gyrox" />
        <ParameterReference Name="Gyroy" /> 
		<ParameterReference Name="Gyroz" /> 	
        <!-- <PaletteInfo Weight="0.5" /> -->
        <BlockInterface>ReadGyro</BlockInterface>
        <Flags></Flags>
      </Block>
	  
    </PolyGroup>
	<PolyGroup Name="dCompass" BlockFamily="Sensor">
      <Parameter Name="Direction" Direction="Input" DataType="UInt32" DefaultValue="2" Configuration="builtin://Identification_WaitForChange.xml" Identification="builtin://Identification_WaitForChange.xml"/>
      <Parameter Name="Port" CompilerDirectives="OneInputPort" Direction="Input" DefaultValue="1.3"/>
      <Parameter Name="Amount" Identification="builtin://Identification_Numeric.png" DataType="Single" Direction="Input" DefaultValue="10"/>
      <Parameter Name="i" CompilerDirectives="WaitForIteration" DataType="Int32" Direction="Input" DefaultValue="0"/>
      <Parameter Name="X" Identification="Comp-x.png" DataType="Single" Direction="Output"/>	  
	  <Parameter Name="Y" Identification="Comp-y.png" DataType="Single" Direction="Output"/>	  
	  <Parameter Name="Z" Identification="Comp-z.png" DataType="Single" Direction="Output"/>
	  <Parameter Name="Heading" Identification="Comp-heading.png" DataType="Single" Direction="Output"/>
      <Hardware>
        <NXTPlotColor>#ffff3132</NXTPlotColor>
        <EV3PlotColor>#ff785028</EV3PlotColor>
        <EV3AutoID>-1</EV3AutoID>
        <Direction>Input</Direction>
        <DefaultPort>1.1</DefaultPort>
      </Hardware>
	  <Block>
        <Mode>ReadCompass</Mode>
        <Reference Type="VILib" Name="comp.vix" />
        <ParameterReference Name="Port" />
        <ParameterReference Name="X" />
        <ParameterReference Name="Y" /> 
		<ParameterReference Name="Z" /> 	
		<ParameterReference Name="Heading" /> 		
        <PaletteInfo Weight="0.5" />
        <BlockInterface>ReadCompass</BlockInterface>
        <Flags></Flags>
        <Hardware></Hardware>
        <HardwareModeInfo Name="COL-REFLECT" ID="0" Range="0,100" Unit="%" />
      </Block>
    </PolyGroup>
	<PolyGroup Name="dTIR" BlockFamily="Sensor">
      <Parameter Name="Direction" Direction="Input" DataType="UInt32" DefaultValue="2" Configuration="builtin://Identification_WaitForChange.xml" Identification="builtin://Identification_WaitForChange.xml"/>
      <Parameter Name="Port" CompilerDirectives="OneInputPort" Direction="Input" DefaultValue="1.3"/>
      <Parameter Name="Amount" Identification="builtin://Identification_Numeric.png" DataType="Single" Direction="Input" DefaultValue="10"/>
      <Parameter Name="i" CompilerDirectives="WaitForIteration" DataType="Int32" Direction="Input" DefaultValue="0"/>
      <Parameter Name="AmbientTemp" Identification="ambientTemp.png" DataType="Single" Direction="Output"/>	  
	  <Parameter Name="ObjectTemp" Identification="objectTemp.png" DataType="Single" Direction="Output"/>	  
      <Hardware>
        <NXTPlotColor>#ffff3132</NXTPlotColor>
        <EV3PlotColor>#ff785028</EV3PlotColor>
        <EV3AutoID>-1</EV3AutoID>
        <Direction>Input</Direction>
        <DefaultPort>1.1</DefaultPort>
      </Hardware>
	  <Block>
        <Mode>ReadTIR</Mode>
        <Reference Type="VILib" Name="tir.vix" />
        <ParameterReference Name="Port" />
        <ParameterReference Name="AmbientTemp" />
        <ParameterReference Name="ObjectTemp" /> 	
        <PaletteInfo Weight="0.5" />
        <BlockInterface>ReadTIR</BlockInterface>
        <Flags></Flags>
        <Hardware></Hardware>
        <HardwareModeInfo Name="COL-REFLECT" ID="0" Range="0,100" Unit="%" />
      </Block>
    </PolyGroup>

	<PolyGroup Name="dSwitch" DisplayNamePrefix="dSwitch" BlockFamily="Action">
      <Parameter Name="MotorPort" CompilerDirectives="OneOutputPort" Direction="Input" DefaultValue="1.A" />
	  <Parameter Name="On" Identification="On.png" DataType="Boolean" Direction="Input" DefaultValue="True" />
      <Hardware>
        <NXTPlotColor>#ffffab34</NXTPlotColor>
        <EV3PlotColor>#ffd46800</EV3PlotColor>
        <EV3AutoID>8</EV3AutoID> 
        <Direction>Output</Direction>
        <DefaultPort>1.A</DefaultPort>
      </Hardware>
	  <Block>
        <Mode>useSwitch</Mode>
        <Reference Type="VILib" Name="dSwitch.vix" />
        <ParameterReference Name="MotorPort" />
		<ParameterReference Name="On" />
        <PaletteInfo Weight="0.5" />
		<BlockInterface>useSwitch</BlockInterface>
        <Flags></Flags>
        <Hardware></Hardware>
        <HardwareModeInfo Name="COL-REFLECT" ID="0" Range="0,100" Unit="%" />
      </Block>	  	  
    </PolyGroup>
	<PolyGroup Name="dSound" BlockFamily="Sensor">
      <Parameter Name="Direction" Direction="Input" DataType="UInt32" DefaultValue="2" Configuration="builtin://Identification_WaitForChange.xml" Identification="builtin://Identification_WaitForChange.xml" />
      <Parameter Name="Port" CompilerDirectives="OneInputPort" Direction="Input" DefaultValue="1.3" />
      <Parameter Name="Comparison" Direction="Input" Configuration="builtin://Identification_ComparisonType.xml" Identification="builtin://Identification_ComparisonType.xml" DataType="Int32" DefaultValue="4" />
      <Parameter Name="Threshold" Identification="builtin://Identification_Threshold_UltrasonicInches.xml" DataType="Single" Direction="Input" DefaultValue="50" MinValue="0" MaxValue="100" />
      <Parameter Name="Amount" Identification="builtin://Identification_Numeric.png" DataType="Single" Direction="Input" DefaultValue="10" />
      <Parameter Name="i" CompilerDirectives="WaitForIteration" DataType="Int32" Direction="Input" DefaultValue="0" />
      <Parameter Name="Pitch" Identification="Pitch.png" DataType="Single" Direction="Output"/>
      <Parameter Name="Power" Identification="Power.png" DataType="Single" Direction="Output"/>
	  <Parameter Name="Mode" Identification="mode.png" DataType="Int32" Direction="Input" DefaultValue="0" MinValue="0" MaxValue="2"/>
      <Parameter Name="Result" CompilerDirectives="Result" Identification="builtin://Identification_CompareResult.png" DataType="Boolean" Direction="Output" />
      <Hardware>
        <NXTPlotColor>#ffff3132</NXTPlotColor>
        <EV3PlotColor>#ff785028</EV3PlotColor>
        <EV3AutoID>-1</EV3AutoID>
        <Direction>Input</Direction>
        <DefaultPort>1.1</DefaultPort>
      </Hardware>
      <Block>
        <Mode>SoundPower</Mode>
        <Reference Type="VILib" Name="dSoundPower.vix" />
        <ParameterReference Name="Port" />
		<ParameterReference Name="Power" />
	    <PaletteInfo Weight="0.5" />
        <BlockInterface>SoundPower</BlockInterface>
        <Flags></Flags>
        <Hardware></Hardware>
        <HardwareModeInfo Name="COL-REFLECT" ID="0" Range="0,100" Unit="%" />
      </Block>
	  <Block>
        <Mode>SoundPitch</Mode>
        <Reference Type="VILib" Name="dSoundPitch.vix" />
        <ParameterReference Name="Port" />
        <ParameterReference Name="Mode" />
		<ParameterReference Name="Pitch" />
	    <BlockInterface>SoundPitch</BlockInterface>
        <Flags></Flags>
      </Block>	  
    </PolyGroup>
	<PolyGroup Name="EV3_I2C" BlockFamily="Sensor">
      <Parameter Name="Direction" Direction="Input" DataType="UInt32" DefaultValue="2" Configuration="builtin://Identification_WaitForChange.xml" Identification="builtin://Identification_WaitForChange.xml" />
      <Parameter Name="Port" CompilerDirectives="OneInputPort" Direction="Input" DefaultValue="1.3" />
	 <Parameter Name="RB" Identification="byte.png" DataType="Single" Direction="Output"/>
	  <Parameter Name="Addr" Identification="addr.png" DataType="UInt32" Direction="Input" DefaultValue="8" />
	  <Parameter Name="Pin" Identification="pin.png" DataType="UInt32" Direction="Input" DefaultValue="8" />
	  <Parameter Name="AnalogVal" Identification="analogVal.png" DataType="Single" Direction="Output"/>
	  <Parameter Name="State" Identification="state.png" DataType="UInt32" Direction="Input" DefaultValue="1" />
	  <Parameter Name="RByte1" Identification="byte1.png" DataType="UInt32" Direction="Output"/>
	  <Parameter Name="RByte2" Identification="byte2.png" DataType="UInt32" Direction="Output"/>
	  <Parameter Name="RByte3" Identification="byte3.png" DataType="UInt32" Direction="Output"/>
	  <Parameter Name="RByte4" Identification="byte4.png" DataType="UInt32" Direction="Output"/>
	  <Parameter Name="RByte5" Identification="byte5.png" DataType="UInt32" Direction="Output"/>
	  <Parameter Name="RByte6" Identification="byte6.png" DataType="UInt32" Direction="Output"/>
	  <Parameter Name="RByte7" Identification="byte7.png" DataType="UInt32" Direction="Output"/>
	  <Parameter Name="RByte8" Identification="byte8.png" DataType="UInt32" Direction="Output"/>

	  <Parameter Name="RByte1_String" Identification="char1.png" DataType="String" Direction="Output"/>
	  <Parameter Name="RByte2_String" Identification="char2.png" DataType="String" Direction="Output"/>
	  <Parameter Name="RByte3_String" Identification="char3.png" DataType="String" Direction="Output"/>
	  <Parameter Name="RByte4_String" Identification="char4.png" DataType="String" Direction="Output"/>
	  <Parameter Name="RByte5_String" Identification="char5.png" DataType="String" Direction="Output"/>
	  <Parameter Name="RByte6_String" Identification="char6.png" DataType="String" Direction="Output"/>
	  <Parameter Name="RByte7_String" Identification="char7.png" DataType="String" Direction="Output"/>
	  <Parameter Name="RByte8_String" Identification="char8.png" DataType="String" Direction="Output"/>
	  
	  <Parameter Name="WByte" Identification="byte.png" DataType="UInt32" Direction="Input" DefaultValue="0" />
	  <Parameter Name="WByte1" Identification="byte1.png" DataType="UInt32" Direction="Input" DefaultValue="0" />
	  <Parameter Name="WByte2" Identification="byte2.png" DataType="UInt32" Direction="Input" DefaultValue="0" />
	  <Parameter Name="WByte3" Identification="byte3.png" DataType="UInt32" Direction="Input" DefaultValue="0" />
	  <Parameter Name="WByte4" Identification="byte4.png" DataType="UInt32" Direction="Input" DefaultValue="0" />
	  <Parameter Name="WByte5" Identification="byte5.png" DataType="UInt32" Direction="Input" DefaultValue="0" />
	  <Parameter Name="WByte6" Identification="byte6.png" DataType="UInt32" Direction="Input" DefaultValue="0" />
	  <Parameter Name="WByte7" Identification="byte7.png" DataType="UInt32" Direction="Input" DefaultValue="0" />
	  <Parameter Name="WByte8" Identification="byte8.png" DataType="UInt32" Direction="Input" DefaultValue="0" />
	  
	<Hardware>
        <NXTPlotColor>#ffff3132</NXTPlotColor>
        <EV3PlotColor>#ff785028</EV3PlotColor>
        <EV3AutoID>-1</EV3AutoID>
        <Direction>Input</Direction>
        <DefaultPort>1.1</DefaultPort>
      </Hardware>
      <Block>
        <Mode>ReadI2C_1B</Mode>
        <Reference Type="VILib" Name="readi2c.vix" />
        <ParameterReference Name="Port" />
		<ParameterReference Name="Addr" />
		<ParameterReference Name="RB" />
	    <PaletteInfo Weight="0.5" />
        <BlockInterface>ReadI2C_1B</BlockInterface>
        <Flags></Flags>
        <Hardware></Hardware>
        <HardwareModeInfo Name="COL-REFLECT" ID="0" Range="0,100" Unit="%" />
      </Block>
	  <Block>
        <Mode>WriteI2C_1B</Mode>
        <Reference Type="VILib" Name="writei2c.vix" />
        <ParameterReference Name="Port" />
        <ParameterReference Name="Addr" />
		<ParameterReference Name="WByte" />
	    <BlockInterface>WriteI2C_1B</BlockInterface>
        <Flags></Flags>
      </Block>
	  <Block>
        <Mode>WriteI2C_8B</Mode>
        <Reference Type="VILib" Name="writei2c_8b.vix" />
        <ParameterReference Name="Port" />
        <ParameterReference Name="Addr" />
		<ParameterReference Name="WByte1" />
		<ParameterReference Name="WByte2" />
		<ParameterReference Name="WByte3" />
		<ParameterReference Name="WByte4" />
		<ParameterReference Name="WByte5" />
		<ParameterReference Name="WByte6" />
		<ParameterReference Name="WByte7" />
		<ParameterReference Name="WByte8" />
	    <BlockInterface>WriteI2C_8B</BlockInterface>
        <Flags></Flags>
      </Block>
	  <Block>
        <Mode>ReadI2C_8B</Mode>
        <Reference Type="VILib" Name="readi2c_8b.vix" />
        <ParameterReference Name="Port" />
        <ParameterReference Name="Addr" />
		<ParameterReference Name="RByte1" />
		<ParameterReference Name="RByte2" />
		<ParameterReference Name="RByte3" />
		<ParameterReference Name="RByte4" />
		<ParameterReference Name="RByte5" />
		<ParameterReference Name="RByte6" />
		<ParameterReference Name="RByte7" />
		<ParameterReference Name="RByte8" />
	    <BlockInterface>ReadI2C_8B</BlockInterface>
        <Flags></Flags>
      </Block>
	  <Block>
        <Mode>ReadI2C_8B_ASCII</Mode>
        <Reference Type="VILib" Name="readi2c_8b_ascii.vix" />
        <ParameterReference Name="Port" />
        <ParameterReference Name="Addr" />
		<ParameterReference Name="RByte1_String" />
		<ParameterReference Name="RByte2_String" />
		<ParameterReference Name="RByte3_String" />
		<ParameterReference Name="RByte4_String" />
		<ParameterReference Name="RByte5_String" />
		<ParameterReference Name="RByte6_String" />
		<ParameterReference Name="RByte7_String" />
		<ParameterReference Name="RByte8_String" />
	    <BlockInterface>ReadI2C_8B_ASCII</BlockInterface>
        <Flags></Flags>
      </Block>
	<Block>
        <Mode>AnalogRead</Mode>
        <Reference Type="VILib" Name="analogRead.vix" />
        <ParameterReference Name="Port" />
        <ParameterReference Name="Addr" />
		<ParameterReference Name="Pin" />
		<ParameterReference Name="AnalogVal" />
	    <BlockInterface>AnalogRead</BlockInterface>
        <Flags></Flags>
      </Block>
	  <Block>
        <Mode>DigitalWrite</Mode>
        <Reference Type="VILib" Name="digitalWrite.vix" />
        <ParameterReference Name="Port" />
        <ParameterReference Name="Addr" />
		<ParameterReference Name="Pin" />
		<ParameterReference Name="State" />
	    <BlockInterface>DigitalWrite</BlockInterface>
        <Flags></Flags>
      </Block>
		</PolyGroup>
  </PolyGroups>
</EditorDefinitions>
