﻿<?xml version="1.0" encoding="utf-8"?>
<EditorStrings>
  <PolyGroups ModuleName="HiTechnic Angle">
    <PolyGroup Name="HTAngle" DisplayName="HiTechnic Angle">
      <Description><![CDATA[<p>Context help for PolyGroup <b>HiTechnic Angle Sensor</b></p>]]></Description>
      <Parameter Name="Port" DisplayName="Port">
        <Description><![CDATA[<p>Context help for Parameter <b>Port</b></p>]]></Description>
      </Parameter>
      <Parameter Name="Value" DisplayName="Value">
        <Description><![CDATA[<p>Context help for Parameter <b>Value</b></p>]]></Description>
      </Parameter>
      <Parameter Name="Angle" DisplayName="Angle">
        <Description><![CDATA[<p>Context help for Parameter <b>Angle</b></p>]]></Description>
      </Parameter>
      <Parameter Name="AccAngle" DisplayName="Accumulated Angle">
        <Description><![CDATA[<p>Context help for Parameter <b>Accumulated Angle</b></p>]]></Description>
      </Parameter>
      <Parameter Name="RPM" DisplayName="RPM">
        <Description><![CDATA[<p>Context help for Parameter <b>RPM</b></p>]]></Description>
      </Parameter>
      <Parameter Name="Direction" DisplayName="Direction">
        <Description><![CDATA[<p>Context help for Parameter <b>Direction</b></p>]]></Description>
      </Parameter>
      <Parameter Name="Comparison" DisplayName="Comparison Type">
        <Description><![CDATA[<p>Context help for Parameter <b>Comparison Type</b></p>]]></Description>
      </Parameter>
      <Parameter Name="Threshold Value" DisplayName="Threshold Value">
        <Description><![CDATA[<p>Context help for Parameter <b>Threshold Value</b></p>]]></Description>
      </Parameter>
      <Parameter Name="Amount" DisplayName="Amount">
        <Description><![CDATA[<p>Context help for Parameter <b>Amount</b></p>]]></Description>
      </Parameter>
      <Parameter Name="Result" DisplayName="Result">
        <Description><![CDATA[<p>Context help for Parameter <b>Resultdding </b></p>]]></Description>
      </Parameter>
      <Block Mode="MeasureAngle" DisplayName="Angle">
        <Description><![CDATA[<p>Context help for Block <b>Measure Angle</b></p>]]></Description>
      </Block>
      <Block Mode="MeasureAllAngleData" DisplayName="All Angle Data">
        <Description><![CDATA[<p>Context help for Block <b>Measure Angle, Accumulated Angle, and RPM</b></p>]]></Description>
      </Block>
      <Block Mode="CompareAngle" DisplayName="Angle">
        <Description><![CDATA[<p>Context help for Block <b>Compare Angle</b></p>]]></Description>
      </Block>
      <Block Mode="CompareAccumulatedAngle" DisplayName="Accumulated Angle">
        <Description><![CDATA[<p>Context help for Block <b>Compare Accumulated Angle</b></p>]]></Description>
      </Block>
      <Block Mode="ChangeAngle" DisplayName="Angle">
        <Description><![CDATA[<p>Context help for Block <b>Change Angle</b></p>]]></Description>
      </Block>
    </PolyGroup>
  </PolyGroups>
</EditorStrings>
