﻿<?xml version="1.0" encoding="utf-8"?>
<Definition Type="Integer" TerminalName="Motors" ImageNameBase="Identification_Power2">
  <Point Value="1">
    <Definition Type="Double">
      <Range Start="-Infinity" StartInclusive="True" End="Infinity" EndInclusive="True" ImageSuffix="_m2E"/>
      <Default ImageSuffix="_m2E"/>
    </Definition>
  </Point>
  <Point Value="2">
    <Definition Type="Double">
      <Range Start="-Infinity" StartInclusive="True" End="Infinity" EndInclusive="True" ImageSuffix="_pm2"/>
      <Default ImageSuffix="_m2E"/>  
    </Definition>
  </Point>
  <Point Value="3">
    <Definition Type="Double">
      <Range Start="-Infinity" StartInclusive="True" End="Infinity" EndInclusive="True" ImageSuffix="_pm2"/>
      <Default ImageSuffix="_m2E"/>  
    </Definition>
  </Point>
</Definition>