﻿<?xml version="1.0" encoding="utf-8"?>
<EditorStrings>
  <PolyGroups ModuleName="HiTechnic-Motor-Controller-for-TETRIX">
    
	<PolyGroup Name="HiTechnic-Motor-Controller-for-TETRIX" DisplayName="HiTechnic Motor Controller for TETRIX">
      <Description><![CDATA[<p>Context help for PolyGroup <b>Hitechnic-Motor-Controller-for-TETRIX</b></p>]]></Description>
      <Parameter Name="Port" DisplayName="Port">
        <Description><![CDATA[<p>Context help for Parameter <b>Port</b></p>]]></Description>
      </Parameter>
	  <Parameter Name="ControllerNum" DisplayName="Controller Number">
        <Description><![CDATA[<p>Context help for Parameter <b>ControllerNum</b></p>]]></Description>
      </Parameter>
	  <Parameter Name="Motors" DisplayName="Motor">
        <Description><![CDATA[<p>Context help for Parameter <b>Motors</b></p>]]></Description>
      </Parameter>
      <Parameter Name="Encoders" DisplayName="Encoder">
        <Description><![CDATA[<p>Context help for Parameter <b>Encoders</b></p>]]></Description>
      </Parameter>
	  <Parameter Name="Power" DisplayName="Motor 1 Power">
        <Description><![CDATA[<p>Context help for Parameter <b>Power</b></p>]]></Description>
      </Parameter>
      <Parameter Name="Power2" DisplayName="Motor 2 Power">
        <Description><![CDATA[<p>Context help for Parameter <b>Power2</b></p>]]></Description>
      </Parameter>
      <Parameter Name="Duration1" DisplayName="Turn for Degrees">
        <Description><![CDATA[<p>Context help for Parameter <b>Duration1</b></p>]]></Description>
      </Parameter>
      <Parameter Name="Duration2" DisplayName="Turn for Rotations">
        <Description><![CDATA[<p>Context help for Parameter <b>Duration2</b></p>]]></Description>
      </Parameter>
      <Parameter Name="Duration3" DisplayName="Turn to Encoder Value">
        <Description><![CDATA[<p>Context help for Parameter <b>Duration3</b></p>]]></Description>
      </Parameter>
      <Parameter Name="Next" DisplayName="Next Action">
        <Description><![CDATA[<p>Context help for Parameter <b>Next</b></p>]]></Description>
      </Parameter>
      <Parameter Name="TimeOut" DisplayName="Time Out?">
        <Description><![CDATA[<p>Context help for Parameter <b>TimeOut</b></p>]]></Description>
      </Parameter>
      <Parameter Name="Reverse" DisplayName="Invert Motor">
        <Description><![CDATA[<p>Context help for Parameter <b>Reverse</b></p>]]></Description>
      </Parameter>
      <Parameter Name="Encoder1" DisplayName="Encoder M1">
        <Description><![CDATA[<p>Context help for Parameter <b>Encoder1</b></p>]]></Description>
      </Parameter>
	  <Parameter Name="Encoder2" DisplayName="Encoder M2">
        <Description><![CDATA[<p>Context help for Parameter <b>Encoder2</b></p>]]></Description>
      </Parameter>
	  <Parameter Name="Voltage" DisplayName="Voltage">
        <Description><![CDATA[<p>Context help for Parameter <b>Voltage</b></p>]]></Description>
      </Parameter>
	  <Block Mode="ReadEncoders" DisplayName="Read Encoders">
        <Description><![CDATA[<p>Context help for Block <b>ReadEncoders</b></p>]]></Description>
      </Block>
	  <Block Mode="ReadVoltage" DisplayName="Read Voltage">
        <Description><![CDATA[<p>Context help for Block <b>ReadVoltage</b></p>]]></Description>
      </Block>
	  <Category Name="Move" DisplayName="Move" >
			<Block Mode="Unlimited" DisplayName="Unlimited">
			  <Description><![CDATA[<p>Context help for Block <b>Unlimited</b></p>]]></Description>
			</Block>
			<Block Mode="Stop" DisplayName="Stop">
			  <Description><![CDATA[<p>Context help for Block <b>Stop</b></p>]]></Description>
			</Block>
            <Block Mode="ConstantSpeed" DisplayName="Constant Speed">
			  <Description><![CDATA[<p>Context help for Block <b>ConstantSpeed</b></p>]]></Description>
			</Block>
			<Block Mode="Degrees" DisplayName="Degrees">
			  <Description><![CDATA[<p>Context help for Block <b>Degrees</b></p>]]></Description>
			</Block>
			<Block Mode="Rotations" DisplayName="Rotations">
			  <Description><![CDATA[<p>Context help for Block <b>Rotations</b></p>]]></Description>
			</Block>
			<Block Mode="Encoders" DisplayName="Encoder Position">
			  <Description><![CDATA[<p>Context help for Block <b>Encoders</b></p>]]></Description>
			</Block>
	  </Category>	
      <Category Name="Operation" DisplayName="Operation" >
			<Block Mode="Reset" DisplayName="Reset Encoder(s)">
			  <Description><![CDATA[<p>Context help for Block <b>Reset Encoders</b></p>]]></Description>
			</Block>
            <Block Mode="Timeout" DisplayName="Set Timeout">
			  <Description><![CDATA[<p>Context help for Block <b>Timeout</b></p>]]></Description>
			</Block>
	  </Category>	
	</PolyGroup>

  </PolyGroups>
</EditorStrings>