﻿<?xml version="1.0" encoding="utf-8"?>
<EditorStrings>
	<PolyGroups ModuleName="HiTechnic IRSeekerV2">
		<PolyGroup Name="HTIRSeekerV2Sensor" DisplayName="HiTechnic IRSeekerV2(edited by T²H)">
			<Description><![CDATA[<p>Context help for PolyGroup <b>HTIRSeekerV2Sensor</b></p>]]></Description>
			<Parameter Name="Port" DisplayName="Port">
				<Description><![CDATA[<p>Context help for Parameter <b>Port</b></p>]]></Description>
			</Parameter>
			<Parameter Name="Value" DisplayName="Value">
				<Description><![CDATA[<p>Context help for Parameter <b>Value</b></p>]]></Description>
			</Parameter>
			<Parameter Name="Direction" DisplayName="Direction">
				<Description><![CDATA[<p><b>Type:</b> Numeric<br/><b>Range:</b> 0-9<br/>0 indicates no signal, 1-9 is a direction in an arch from left to right with 5 being straight ahead.</p>]]></Description>
			</Parameter>
			<Parameter Name="Strength" DisplayName="Strength">
				<Description><![CDATA[<p><b>Type:</b> Numeric<br/><b>Notes:</b> This value indicates the signal strength received by the HiTechnic IRSeeker V2 sensor.  Signal should be pulsed at 1200Hz from either the IR  Ball or the IR Beacon.</p>]]></Description>
			</Parameter>
			<Parameter Name="1-Strength" DisplayName="1-Strength">
				<Description><![CDATA[<p><b>Type:</b> Numeric<br/><b>Notes:</b> This value indicates the signal strength received by the HiTechnic IRSeeker V2 sensor.  Signal should be pulsed at 1200Hz from either the IR  Ball or the IR Beacon.</p>]]></Description>
			</Parameter>
			<Parameter Name="2-Strength" DisplayName="2-Strength">
				<Description><![CDATA[<p><b>Type:</b> Numeric<br/><b>Notes:</b> This value indicates the signal strength received by the HiTechnic IRSeeker V2 sensor.  Signal should be pulsed at 1200Hz from either the IR  Ball or the IR Beacon.</p>]]></Description>
			</Parameter>
			<Parameter Name="3-Strength" DisplayName="3-Strength">
				<Description><![CDATA[<p><b>Type:</b> Numeric<br/><b>Notes:</b> This value indicates the signal strength received by the HiTechnic IRSeeker V2 sensor.  Signal should be pulsed at 1200Hz from either the IR  Ball or the IR Beacon.</p>]]></Description>
			</Parameter>
			<Parameter Name="4-Strength" DisplayName="4-Strength">
				<Description><![CDATA[<p><b>Type:</b> Numeric<br/><b>Notes:</b> This value indicates the signal strength received by the HiTechnic IRSeeker V2 sensor.  Signal should be pulsed at 1200Hz from either the IR  Ball or the IR Beacon.</p>]]></Description>
			</Parameter>
			<Parameter Name="5-Strength" DisplayName="5-Strength">
				<Description><![CDATA[<p><b>Type:</b> Numeric<br/><b>Notes:</b> This value indicates the signal strength received by the HiTechnic IRSeeker V2 sensor.  Signal should be pulsed at 1200Hz from either the IR  Ball or the IR Beacon.</p>]]></Description>
			</Parameter>
			<Block Mode="MeasureDir" DisplayName="Direction">
				<Description><![CDATA[<p><b>Measure Dir</b></p><p>Get the 0-9 AC direction value from the HiTechnic IRSeeker V2 sensor.</p>]]></Description>
			</Block>
			<Block Mode="MeasureEnhDir" DisplayName="Enhanced Direction">
				<Description><![CDATA[<p><b>Measure Enhanced Dir</b></p><p>Get the Enhanced Direction value and signal strength from the HiTechnic IRSeeker V2 sensor.  This uses both the AC and DC sensor modes for enhanced direction and signal strength determination.</p>]]></Description>
			</Block>
			<Block Mode="MeasureDirStr_AC" DisplayName="AC Direction Strength (by T²H)">
				<Description><![CDATA[<p><b>Measure AC Direction</b></p><p>Get the AC Direction value and signal strength from the HiTechnic IRSeeker V2 sensor.  This uses both the AC and DC sensor modes for enhanced direction and signal strength determination.</p>]]></Description>
			</Block>
			<Block Mode="Measure5SensorStrength_AC" DisplayName="AC Single Sensor Strength (by T²H)">
				<Description><![CDATA[<p><b>Measure AC Strength</b></p><p>Get the AC strength from the HiTechnic IRSeeker V2 sensor.  This uses both the AC and DC sensor modes for enhanced direction and signal strength determination.</p>]]></Description>
			</Block>
		</PolyGroup>
	</PolyGroups>
</EditorStrings>
